9ba0af14-6351-44be-aeee-97d7cab75c1c	MT410700.1	98.675	302	1	3	85	386	489	191	1.12e-146	532	minus	398	543	1134119	Penicillium mallochii	Penicillium mallochii	Eukaryota	Penicillium mallochii isolate ZC-5 internal transcribed spacer 1, partial sequence; 5.8S ribosomal RNA gene and internal transcribed spacer 2, complete sequence; and large subunit ribosomal RNA gene, partial sequence

9ba0af14-6351-44be-aeee-97d7cab75c1c	MT340979.1	98.675	302	1	3	85	386	530	232	1.12e-146	532	minus	398	574	41984	Aspergillus tamarii	Aspergillus tamarii	Eukaryota	Aspergillus tamarii strain L1 internal transcribed spacer 1, partial sequence; 5.8S ribosomal RNA gene and internal transcribed spacer 2, complete sequence; and large subunit ribosomal RNA gene, partial sequence

9ba0af14-6351-44be-aeee-97d7cab75c1c	MT065769.1	98.675	302	1	3	85	386	486	188	1.12e-146	532	minus	398	532	41984	Aspergillus tamarii	Aspergillus tamarii	Eukaryota	Aspergillus tamarii isolate PT-7 internal transcribed spacer 1, partial sequence; 5.8S ribosomal RNA gene and internal transcribed spacer 2, complete sequence; and large subunit ribosomal RNA gene, partial sequence

9ba0af14-6351-44be-aeee-97d7cab75c1c	MT065686.1	98.675	302	1	3	85	386	501	203	1.12e-146	532	minus	398	556	41984	Aspergillus tamarii	Aspergillus tamarii	Eukaryota	Aspergillus tamarii strain OOSF16 internal transcribed spacer 1, partial sequence; 5.8S ribosomal RNA gene and internal transcribed spacer 2, complete sequence; and large subunit ribosomal RNA gene, partial sequence

9ba0af14-6351-44be-aeee-97d7cab75c1c	MT065681.1	98.675	302	1	3	85	386	499	201	1.12e-146	532	minus	398	553	41984	Aspergillus tamarii	Aspergillus tamarii	Eukaryota	Aspergillus tamarii strain OOSF11 internal transcribed spacer 1, partial sequence; 5.8S ribosomal RNA gene and internal transcribed spacer 2, complete sequence; and large subunit ribosomal RNA gene, partial sequence

9ba0af14-6351-44be-aeee-97d7cab75c1c	MN326529.1	98.675	302	1	3	85	386	486	188	1.12e-146	532	minus	398	527	41984	Aspergillus tamarii	Aspergillus tamarii	Eukaryota	Aspergillus tamarii isolate FOEVPKR22 internal transcribed spacer 1, partial sequence; 5.8S ribosomal RNA gene and internal transcribed spacer 2, complete sequence; and large subunit ribosomal RNA gene, partial sequence

9ba0af14-6351-44be-aeee-97d7cab75c1c	MN815799.1	98.675	302	1	3	85	386	450	152	1.12e-146	532	minus	398	450	41984	Aspergillus tamarii	Aspergillus tamarii	Eukaryota	Aspergillus tamarii isolate UF7 internal transcribed spacer 1, partial sequence; 5.8S ribosomal RNA gene and internal transcribed spacer 2, complete sequence; and large subunit ribosomal RNA gene, partial sequence

9ba0af14-6351-44be-aeee-97d7cab75c1c	MN796090.1	98.675	302	1	3	85	386	505	207	1.12e-146	532	minus	398	551	41984	Aspergillus tamarii	Aspergillus tamarii	Eukaryota	Aspergillus tamarii isolate FMF4 internal transcribed spacer 1, partial sequence; 5.8S ribosomal RNA gene and internal transcribed spacer 2, complete sequence; and large subunit ribosomal RNA gene, partial sequence

9ba0af14-6351-44be-aeee-97d7cab75c1c	MN653149.1	98.675	302	1	3	85	386	504	206	1.12e-146	532	minus	398	505	41984	Aspergillus tamarii	Aspergillus tamarii	Eukaryota	Aspergillus tamarii isolate RSC1 internal transcribed spacer 1, partial sequence; 5.8S ribosomal RNA gene, complete sequence; and internal transcribed spacer 2, partial sequence

9ba0af14-6351-44be-aeee-97d7cab75c1c	MN533864.1	98.675	302	1	3	85	386	533	235	1.12e-146	532	minus	398	578	5059	Aspergillus flavus	Aspergillus flavus	Eukaryota	Aspergillus flavus isolate L-384/2013 internal transcribed spacer 1, partial sequence; 5.8S ribosomal RNA gene and internal transcribed spacer 2, complete sequence; and large subunit ribosomal RNA gene, partial sequence

9ba0af14-6351-44be-aeee-97d7cab75c1c	MN533842.1	98.675	302	1	3	85	386	525	227	1.12e-146	532	minus	398	567	5059	Aspergillus flavus	Aspergillus flavus	Eukaryota	Aspergillus flavus isolate L-3263/2012 internal transcribed spacer 1, partial sequence; 5.8S ribosomal RNA gene and internal transcribed spacer 2, complete sequence; and large subunit ribosomal RNA gene, partial sequence

9ba0af14-6351-44be-aeee-97d7cab75c1c	MN341224.1	98.675	302	1	3	85	386	420	122	1.12e-146	532	minus	398	537	41984	Aspergillus tamarii	Aspergillus tamarii	Eukaryota	Aspergillus tamarii isolate LM3010 internal transcribed spacer 1, partial sequence; 5.8S ribosomal RNA gene and internal transcribed spacer 2, complete sequence; and large subunit ribosomal RNA gene, partial sequence

9ba0af14-6351-44be-aeee-97d7cab75c1c	MN339986.1	98.675	302	1	3	85	386	535	237	1.12e-146	532	minus	398	589	41984	Aspergillus tamarii	Aspergillus tamarii	Eukaryota	Aspergillus tamarii strain MS-Deb-PCB 3F small subunit ribosomal RNA gene, partial sequence; internal transcribed spacer 1, 5.8S ribosomal RNA gene, and internal transcribed spacer 2, complete sequence; and large subunit ribosomal RNA gene, partial sequence

9ba0af14-6351-44be-aeee-97d7cab75c1c	MN263253.1	98.675	302	1	3	85	386	448	150	1.12e-146	532	minus	398	482	41984	Aspergillus tamarii	Aspergillus tamarii	Eukaryota	Aspergillus tamarii isolate fungi internal transcribed spacer 1, partial sequence; 5.8S ribosomal RNA gene and internal transcribed spacer 2, complete sequence; and large subunit ribosomal RNA gene, partial sequence

9ba0af14-6351-44be-aeee-97d7cab75c1c	MN178621.1	98.675	302	1	3	85	386	516	218	1.12e-146	532	minus	398	571	41984	Aspergillus tamarii	Aspergillus tamarii	Eukaryota	Aspergillus tamarii isolate T5 internal transcribed spacer 1, partial sequence; 5.8S ribosomal RNA gene and internal transcribed spacer 2, complete sequence; and large subunit ribosomal RNA gene, partial sequence

9ba0af14-6351-44be-aeee-97d7cab75c1c	MN128231.1	98.675	302	1	3	85	386	545	247	1.12e-146	532	minus	398	600	41984	Aspergillus tamarii	Aspergillus tamarii	Eukaryota	Aspergillus tamarii isolate Fungi small subunit ribosomal RNA gene, partial sequence; internal transcribed spacer 1, 5.8S ribosomal RNA gene, and internal transcribed spacer 2, complete sequence; and large subunit ribosomal RNA gene, partial sequence

9ba0af14-6351-44be-aeee-97d7cab75c1c	MN095190.1	98.675	302	1	3	85	386	536	238	1.12e-146	532	minus	398	581	41984	Aspergillus tamarii	Aspergillus tamarii	Eukaryota	Aspergillus tamarii strain A52R small subunit ribosomal RNA gene, partial sequence; internal transcribed spacer 1, 5.8S ribosomal RNA gene, and internal transcribed spacer 2, complete sequence; and large subunit ribosomal RNA gene, partial sequence

9ba0af14-6351-44be-aeee-97d7cab75c1c	MK215727.1	98.675	302	1	3	85	386	525	227	1.12e-146	532	minus	398	559	41984	Aspergillus tamarii	Aspergillus tamarii	Eukaryota	Aspergillus tamarii strain BT32 small subunit ribosomal RNA gene, partial sequence; internal transcribed spacer 1, 5.8S ribosomal RNA gene, and internal transcribed spacer 2, complete sequence; and large subunit ribosomal RNA gene, partial sequence

9ba0af14-6351-44be-aeee-97d7cab75c1c	MK215725.1	98.675	302	1	3	85	386	525	227	1.12e-146	532	minus	398	559	41984	Aspergillus tamarii	Aspergillus tamarii	Eukaryota	Aspergillus tamarii strain BT30 small subunit ribosomal RNA gene, partial sequence; internal transcribed spacer 1, 5.8S ribosomal RNA gene, and internal transcribed spacer 2, complete sequence; and large subunit ribosomal RNA gene, partial sequence

9ba0af14-6351-44be-aeee-97d7cab75c1c	MK215724.1	98.675	302	1	3	85	386	525	227	1.12e-146	532	minus	398	559	41984	Aspergillus tamarii	Aspergillus tamarii	Eukaryota	Aspergillus tamarii strain BT29 small subunit ribosomal RNA gene, partial sequence; internal transcribed spacer 1, 5.8S ribosomal RNA gene, and internal transcribed spacer 2, complete sequence; and large subunit ribosomal RNA gene, partial sequence

9ba0af14-6351-44be-aeee-97d7cab75c1c	MK144836.1	98.675	302	1	3	85	386	304	6	1.12e-146	532	minus	398	340	240212	Uromyces vignae	Uromyces vignae	Eukaryota	Uromyces vignae voucher UCCR331-CS 5.8S ribosomal RNA gene, partial sequence; internal transcribed spacer 2, complete sequence; and large subunit ribosomal RNA gene, partial sequence

9ba0af14-6351-44be-aeee-97d7cab75c1c	MK862454.1	98.675	302	1	3	85	386	480	182	1.12e-146	532	minus	398	535	5065	Aspergillus sp.	Aspergillus sp.	Eukaryota	Aspergillus sp. isolate HHELF1 internal transcribed spacer 1, partial sequence; 5.8S ribosomal RNA gene and internal transcribed spacer 2, complete sequence; and large subunit ribosomal RNA gene, partial sequence

9ba0af14-6351-44be-aeee-97d7cab75c1c	MK862456.1	98.675	302	1	3	85	386	481	183	1.12e-146	532	minus	398	537	5065	Aspergillus sp.	Aspergillus sp.	Eukaryota	Aspergillus sp. isolate HHELF8 internal transcribed spacer 1, partial sequence; 5.8S ribosomal RNA gene and internal transcribed spacer 2, complete sequence; and large subunit ribosomal RNA gene, partial sequence

9ba0af14-6351-44be-aeee-97d7cab75c1c	MK862457.1	98.675	302	1	3	85	386	491	193	1.12e-146	532	minus	398	539	5065	Aspergillus sp.	Aspergillus sp.	Eukaryota	Aspergillus sp. isolate HHELF7 internal transcribed spacer 1, partial sequence; 5.8S ribosomal RNA gene and internal transcribed spacer 2, complete sequence; and large subunit ribosomal RNA gene, partial sequence

9ba0af14-6351-44be-aeee-97d7cab75c1c	MK849615.1	98.675	302	1	3	85	386	473	175	1.12e-146	532	minus	398	512	41984	Aspergillus tamarii	Aspergillus tamarii	Eukaryota	Aspergillus tamarii isolate NDA03a internal transcribed spacer 1, partial sequence; 5.8S ribosomal RNA gene and internal transcribed spacer 2, complete sequence; and large subunit ribosomal RNA gene, partial sequence

9ba0af14-6351-44be-aeee-97d7cab75c1c	MK762539.1	98.675	302	1	3	85	386	500	202	1.12e-146	532	minus	398	559	41984	Aspergillus tamarii	Aspergillus tamarii	Eukaryota	Aspergillus tamarii isolate PJM1 internal transcribed spacer 1, partial sequence; 5.8S ribosomal RNA gene and internal transcribed spacer 2, complete sequence; and large subunit ribosomal RNA gene, partial sequence

9ba0af14-6351-44be-aeee-97d7cab75c1c	MH788968.1	98.675	302	1	3	85	386	537	239	1.12e-146	532	minus	398	581	41984	Aspergillus tamarii	Aspergillus tamarii	Eukaryota	Aspergillus tamarii strain NKRC1229 internal transcribed spacer 1, partial sequence; 5.8S ribosomal RNA gene and internal transcribed spacer 2, complete sequence; and large subunit ribosomal RNA gene, partial sequence

9ba0af14-6351-44be-aeee-97d7cab75c1c	MK644175.1	98.675	302	1	3	85	386	542	244	1.12e-146	532	minus	398	599	41984	Aspergillus tamarii	Aspergillus tamarii	Eukaryota	Aspergillus tamarii isolate JJGG-64 small subunit ribosomal RNA gene, partial sequence; internal transcribed spacer 1, 5.8S ribosomal RNA gene, and internal transcribed spacer 2, complete sequence; and large subunit ribosomal RNA gene, partial sequence

9ba0af14-6351-44be-aeee-97d7cab75c1c	MG962401.1	98.675	302	1	3	85	386	501	203	1.12e-146	532	minus	398	557	41984	Aspergillus tamarii	Aspergillus tamarii	Eukaryota	Aspergillus tamarii isolate FMPV38 internal transcribed spacer 1, partial sequence; 5.8S ribosomal RNA gene and internal transcribed spacer 2, complete sequence; and 28S ribosomal RNA gene, partial sequence

9ba0af14-6351-44be-aeee-97d7cab75c1c	MG962399.1	98.675	302	1	3	85	386	502	204	1.12e-146	532	minus	398	543	41984	Aspergillus tamarii	Aspergillus tamarii	Eukaryota	Aspergillus tamarii isolate FMPV36 internal transcribed spacer 1, partial sequence; 5.8S ribosomal RNA gene and internal transcribed spacer 2, complete sequence; and 28S ribosomal RNA gene, partial sequence

9ba0af14-6351-44be-aeee-97d7cab75c1c	MG962396.1	98.675	302	1	3	85	386	486	188	1.12e-146	532	minus	398	531	41984	Aspergillus tamarii	Aspergillus tamarii	Eukaryota	Aspergillus tamarii isolate FMPV_33 internal transcribed spacer 1, partial sequence; 5.8S ribosomal RNA gene and internal transcribed spacer 2, complete sequence; and 28S ribosomal RNA gene, partial sequence

9ba0af14-6351-44be-aeee-97d7cab75c1c	MK638758.1	98.675	302	1	3	85	386	642	344	1.12e-146	532	minus	398	1747	41984	Aspergillus tamarii	Aspergillus tamarii	Eukaryota	Aspergillus tamarii isolate SKF8 small subunit ribosomal RNA gene, partial sequence; internal transcribed spacer 1, 5.8S ribosomal RNA gene, and internal transcribed spacer 2, complete sequence; and large subunit ribosomal RNA gene, partial sequence

9ba0af14-6351-44be-aeee-97d7cab75c1c	MK630346.1	98.675	302	1	3	85	386	489	191	1.12e-146	532	minus	398	543	41984	Aspergillus tamarii	Aspergillus tamarii	Eukaryota	Aspergillus tamarii strain ZC-5 internal transcribed spacer 1, partial sequence; 5.8S ribosomal RNA gene and internal transcribed spacer 2, complete sequence; and large subunit ribosomal RNA gene, partial sequence

9ba0af14-6351-44be-aeee-97d7cab75c1c	MG925000.1	98.675	302	1	3	85	386	521	223	1.12e-146	532	minus	398	1111	1709941	fungal sp.	fungal sp.	Eukaryota	Fungal sp. voucher ARIZ:02M11 internal transcribed spacer 1, partial sequence; 5.8S ribosomal RNA gene and internal transcribed spacer 2, complete sequence; and large subunit ribosomal RNA gene, partial sequence

9ba0af14-6351-44be-aeee-97d7cab75c1c	MH244408.1	98.675	302	1	3	85	386	506	208	1.12e-146	532	minus	398	550	41984	Aspergillus tamarii	Aspergillus tamarii	Eukaryota	Aspergillus tamarii isolate FMS_79 internal transcribed spacer 1, partial sequence; 5.8S ribosomal RNA gene and internal transcribed spacer 2, complete sequence; and 28S ribosomal RNA gene, partial sequence

9ba0af14-6351-44be-aeee-97d7cab75c1c	MH244392.1	98.675	302	1	3	85	386	510	212	1.12e-146	532	minus	398	567	41984	Aspergillus tamarii	Aspergillus tamarii	Eukaryota	Aspergillus tamarii isolate FMS54 internal transcribed spacer 1, partial sequence; 5.8S ribosomal RNA gene and internal transcribed spacer 2, complete sequence; and 28S ribosomal RNA gene, partial sequence

9ba0af14-6351-44be-aeee-97d7cab75c1c	MK211202.1	98.675	302	1	3	85	386	363	65	1.12e-146	532	minus	398	402	41984	Aspergillus tamarii	Aspergillus tamarii	Eukaryota	Aspergillus tamarii strain RECA internal transcribed spacer 1, partial sequence; 5.8S ribosomal RNA gene and internal transcribed spacer 2, complete sequence; and large subunit ribosomal RNA gene, partial sequence

9ba0af14-6351-44be-aeee-97d7cab75c1c	MK178554.1	98.675	302	1	3	85	386	478	180	1.12e-146	532	minus	398	524	41984	Aspergillus tamarii	Aspergillus tamarii	Eukaryota	Aspergillus tamarii strain CAK7 internal transcribed spacer 1, partial sequence; 5.8S ribosomal RNA gene and internal transcribed spacer 2, complete sequence; and large subunit ribosomal RNA gene, partial sequence

9ba0af14-6351-44be-aeee-97d7cab75c1c	MK178552.1	98.675	302	1	3	85	386	485	187	1.12e-146	532	minus	398	529	41984	Aspergillus tamarii	Aspergillus tamarii	Eukaryota	Aspergillus tamarii strain CAK3 internal transcribed spacer 1, partial sequence; 5.8S ribosomal RNA gene and internal transcribed spacer 2, complete sequence; and large subunit ribosomal RNA gene, partial sequence

9ba0af14-6351-44be-aeee-97d7cab75c1c	MK120607.1	98.675	302	1	3	85	386	520	222	1.12e-146	532	minus	398	586	41984	Aspergillus tamarii	Aspergillus tamarii	Eukaryota	Aspergillus tamarii isolate 13 internal transcribed spacer 1, partial sequence; 5.8S ribosomal RNA gene and internal transcribed spacer 2, complete sequence; and large subunit ribosomal RNA gene, partial sequence

9ba0af14-6351-44be-aeee-97d7cab75c1c	MG772816.1	98.675	302	1	3	85	386	545	247	1.12e-146	532	minus	398	599	41984	Aspergillus tamarii	Aspergillus tamarii	Eukaryota	Aspergillus tamarii strain MR-F22 small subunit ribosomal RNA gene, partial sequence; internal transcribed spacer 1, 5.8S ribosomal RNA gene, and internal transcribed spacer 2, complete sequence; and large subunit ribosomal RNA gene, partial sequence

9ba0af14-6351-44be-aeee-97d7cab75c1c	MH934972.1	98.675	302	1	3	85	386	535	237	1.12e-146	532	minus	398	551	5065	Aspergillus sp.	Aspergillus sp.	Eukaryota	Aspergillus sp. isolate F2 internal transcribed spacer 1, partial sequence; 5.8S ribosomal RNA gene, complete sequence; and internal transcribed spacer 2, partial sequence

9ba0af14-6351-44be-aeee-97d7cab75c1c	MH865314.1	98.675	302	1	3	85	386	557	259	1.12e-146	532	minus	398	600	68834	Aspergillus toxicarius	Aspergillus toxicarius	Eukaryota	Aspergillus toxicarius culture CBS:129270 strain CBS 129270 small subunit ribosomal RNA gene, partial sequence; internal transcribed spacer 1, 5.8S ribosomal RNA gene, and internal transcribed spacer 2, complete sequence; and large subunit ribosomal RNA gene, partial sequence

9ba0af14-6351-44be-aeee-97d7cab75c1c	MH865313.1	98.675	302	1	3	85	386	520	222	1.12e-146	532	minus	398	571	138286	Aspergillus flavofurcatus	Aspergillus flavofurcatus	Eukaryota	Aspergillus flavofurcatus culture CBS:129269 strain CBS 129269 internal transcribed spacer 1, partial sequence; 5.8S ribosomal RNA gene and internal transcribed spacer 2, complete sequence; and large subunit ribosomal RNA gene, partial sequence

9ba0af14-6351-44be-aeee-97d7cab75c1c	MH864331.1	98.675	302	1	3	85	386	570	272	1.12e-146	532	minus	398	613	41984	Aspergillus tamarii	Aspergillus tamarii	Eukaryota	Aspergillus tamarii culture CBS:126844 strain CBS 126844 small subunit ribosomal RNA gene, partial sequence; internal transcribed spacer 1, 5.8S ribosomal RNA gene, and internal transcribed spacer 2, complete sequence; and large subunit ribosomal RNA gene, partial sequence

9ba0af14-6351-44be-aeee-97d7cab75c1c	MH859188.1	98.675	302	1	3	85	386	553	255	1.12e-146	532	minus	398	596	41984	Aspergillus tamarii	Aspergillus tamarii	Eukaryota	Aspergillus tamarii culture CBS:591.68 strain CBS 591.68 small subunit ribosomal RNA gene, partial sequence; internal transcribed spacer 1, 5.8S ribosomal RNA gene, and internal transcribed spacer 2, complete sequence; and large subunit ribosomal RNA gene, partial sequence

9ba0af14-6351-44be-aeee-97d7cab75c1c	MH859187.1	98.675	302	1	3	85	386	556	258	1.12e-146	532	minus	398	611	41984	Aspergillus tamarii	Aspergillus tamarii	Eukaryota	Aspergillus tamarii culture CBS:590.68 strain CBS 590.68 small subunit ribosomal RNA gene, partial sequence; internal transcribed spacer 1, 5.8S ribosomal RNA gene, and internal transcribed spacer 2, complete sequence; and large subunit ribosomal RNA gene, partial sequence

9ba0af14-6351-44be-aeee-97d7cab75c1c	MH858230.1	98.675	302	1	3	85	386	556	258	1.12e-146	532	minus	398	599	41984	Aspergillus tamarii	Aspergillus tamarii	Eukaryota	Aspergillus tamarii culture CBS:109.63 strain CBS 109.63 small subunit ribosomal RNA gene, partial sequence; internal transcribed spacer 1, 5.8S ribosomal RNA gene, and internal transcribed spacer 2, complete sequence; and large subunit ribosomal RNA gene, partial sequence

9ba0af14-6351-44be-aeee-97d7cab75c1c	MH854625.1	98.675	302	1	3	85	386	554	256	1.12e-146	532	minus	398	597	41984;68834	Aspergillus tamarii;Aspergillus toxicarius	Aspergillus tamarii;Aspergillus toxicarius	Eukaryota	Aspergillus tamarii culture CBS:104.14 strain CBS 104.14 small subunit ribosomal RNA gene, partial sequence; internal transcribed spacer 1, 5.8S ribosomal RNA gene, and internal transcribed spacer 2, complete sequence; and large subunit ribosomal RNA gene, partial sequence

9ba0af14-6351-44be-aeee-97d7cab75c1c	MH854614.1	98.675	302	1	3	85	386	557	259	1.12e-146	532	minus	398	608	41984	Aspergillus tamarii	Aspergillus tamarii	Eukaryota	Aspergillus tamarii culture CBS:104.13 strain CBS 104.13 small subunit ribosomal RNA gene, partial sequence; internal transcribed spacer 1, 5.8S ribosomal RNA gene, and internal transcribed spacer 2, complete sequence; and large subunit ribosomal RNA gene, partial sequence

9ba0af14-6351-44be-aeee-97d7cab75c1c	MH836320.1	98.675	302	1	3	85	386	535	237	1.12e-146	532	minus	398	578	5065	Aspergillus sp.	Aspergillus sp.	Eukaryota	Aspergillus sp. strain TMOD 01 small subunit ribosomal RNA gene, partial sequence; internal transcribed spacer 1, 5.8S ribosomal RNA gene, and internal transcribed spacer 2, complete sequence; and large subunit ribosomal RNA gene, partial sequence

9ba0af14-6351-44be-aeee-97d7cab75c1c	MG575481.1	98.675	302	1	3	85	386	569	271	1.12e-146	532	minus	398	610	41061	Aspergillus nomiae	Aspergillus nomiae	Eukaryota	Aspergillus nomius strain S2588 small subunit ribosomal RNA gene, partial sequence; internal transcribed spacer 1, 5.8S ribosomal RNA gene, and internal transcribed spacer 2, complete sequence; and large subunit ribosomal RNA gene, partial sequence

9ba0af14-6351-44be-aeee-97d7cab75c1c	MG575475.1	98.675	302	1	3	85	386	569	271	1.12e-146	532	minus	398	623	41061	Aspergillus nomiae	Aspergillus nomiae	Eukaryota	Aspergillus nomius strain S2619 small subunit ribosomal RNA gene, partial sequence; internal transcribed spacer 1, 5.8S ribosomal RNA gene, and internal transcribed spacer 2, complete sequence; and large subunit ribosomal RNA gene, partial sequence

9ba0af14-6351-44be-aeee-97d7cab75c1c	MG386646.1	98.675	302	1	3	85	386	493	195	1.12e-146	532	minus	398	534	41984	Aspergillus tamarii	Aspergillus tamarii	Eukaryota	Aspergillus tamarii internal transcribed spacer 1, partial sequence; 5.8S ribosomal RNA gene and internal transcribed spacer 2, complete sequence; and large subunit ribosomal RNA gene, partial sequence

9ba0af14-6351-44be-aeee-97d7cab75c1c	MK491625.1	98.675	302	1	3	85	386	498	200	1.12e-146	532	minus	398	700	5059	Aspergillus flavus	Aspergillus flavus	Eukaryota	Aspergillus flavus isolate Nevin5 internal transcribed spacer 1, partial sequence; 5.8S ribosomal RNA gene and internal transcribed spacer 2, complete sequence; and large subunit ribosomal RNA gene, partial sequence

9ba0af14-6351-44be-aeee-97d7cab75c1c	MK491623.1	98.675	302	1	3	85	386	498	200	1.12e-146	532	minus	398	700	5059	Aspergillus flavus	Aspergillus flavus	Eukaryota	Aspergillus flavus isolate Nevin3 internal transcribed spacer 1, partial sequence; 5.8S ribosomal RNA gene and internal transcribed spacer 2, complete sequence; and large subunit ribosomal RNA gene, partial sequence

9ba0af14-6351-44be-aeee-97d7cab75c1c	MK165705.1	98.675	302	1	3	85	386	536	238	1.12e-146	532	minus	398	570	41984	Aspergillus tamarii	Aspergillus tamarii	Eukaryota	Aspergillus tamarii strain G651c 18S ribosomal RNA gene, partial sequence; internal transcribed spacer 1, 5.8S ribosomal RNA gene, and internal transcribed spacer 2, complete sequence; and 28S ribosomal RNA gene, partial sequence

9ba0af14-6351-44be-aeee-97d7cab75c1c	MF784483.1	98.675	302	1	3	85	386	525	227	1.12e-146	532	minus	398	559	41984	Aspergillus tamarii	Aspergillus tamarii	Eukaryota	Aspergillus tamarii isolate GAPS1 internal transcribed spacer 1, partial sequence; 5.8S ribosomal RNA gene and internal transcribed spacer 2, complete sequence; and large subunit ribosomal RNA gene, partial sequence

9ba0af14-6351-44be-aeee-97d7cab75c1c	MH562046.1	98.675	302	1	3	85	386	546	248	1.12e-146	532	minus	398	597	41984	Aspergillus tamarii	Aspergillus tamarii	Eukaryota	Aspergillus tamarii isolate MH3 small subunit ribosomal RNA gene, partial sequence; internal transcribed spacer 1, 5.8S ribosomal RNA gene, and internal transcribed spacer 2, complete sequence; and large subunit ribosomal RNA gene, partial sequence

9ba0af14-6351-44be-aeee-97d7cab75c1c	MF359732.1	98.675	302	1	3	85	386	747	449	1.12e-146	532	minus	398	791	41984	Aspergillus tamarii	Aspergillus tamarii	Eukaryota	Aspergillus tamarii strain MF24 small subunit ribosomal RNA gene, partial sequence; internal transcribed spacer 1, 5.8S ribosomal RNA gene, and internal transcribed spacer 2, complete sequence; and large subunit ribosomal RNA gene, partial sequence

9ba0af14-6351-44be-aeee-97d7cab75c1c	MF359731.1	98.675	302	1	3	85	386	546	248	1.12e-146	532	minus	398	591	41984	Aspergillus tamarii	Aspergillus tamarii	Eukaryota	Aspergillus tamarii strain MF9 small subunit ribosomal RNA gene, partial sequence; internal transcribed spacer 1, 5.8S ribosomal RNA gene, and internal transcribed spacer 2, complete sequence; and large subunit ribosomal RNA gene, partial sequence

9ba0af14-6351-44be-aeee-97d7cab75c1c	MF359724.1	98.675	302	1	3	85	386	847	549	1.12e-146	532	minus	398	897	41984	Aspergillus tamarii	Aspergillus tamarii	Eukaryota	Aspergillus tamarii strain BPMF17 small subunit ribosomal RNA gene, partial sequence; internal transcribed spacer 1, 5.8S ribosomal RNA gene, and internal transcribed spacer 2, complete sequence; and large subunit ribosomal RNA gene, partial sequence

9ba0af14-6351-44be-aeee-97d7cab75c1c	MF359724.1	98.701	77	1	0	310	386	1	77	1.03e-27	137	plus	398	897	41984	Aspergillus tamarii	Aspergillus tamarii	Eukaryota	Aspergillus tamarii strain BPMF17 small subunit ribosomal RNA gene, partial sequence; internal transcribed spacer 1, 5.8S ribosomal RNA gene, and internal transcribed spacer 2, complete sequence; and large subunit ribosomal RNA gene, partial sequence

9ba0af14-6351-44be-aeee-97d7cab75c1c	MH345940.1	98.675	302	1	3	85	386	476	178	1.12e-146	532	minus	398	532	41984	Aspergillus tamarii	Aspergillus tamarii	Eukaryota	Aspergillus tamarii isolate 100 internal transcribed spacer 1, partial sequence; 5.8S ribosomal RNA gene and internal transcribed spacer 2, complete sequence; and large subunit ribosomal RNA gene, partial sequence

9ba0af14-6351-44be-aeee-97d7cab75c1c	MH345906.1	98.675	302	1	3	85	386	506	208	1.12e-146	532	minus	398	561	41984	Aspergillus tamarii	Aspergillus tamarii	Eukaryota	Aspergillus tamarii isolate 66 internal transcribed spacer 1, partial sequence; 5.8S ribosomal RNA gene and internal transcribed spacer 2, complete sequence; and large subunit ribosomal RNA gene, partial sequence

9ba0af14-6351-44be-aeee-97d7cab75c1c	MH345903.1	98.675	302	1	3	85	386	509	211	1.12e-146	532	minus	398	564	41984	Aspergillus tamarii	Aspergillus tamarii	Eukaryota	Aspergillus tamarii isolate 63 internal transcribed spacer 1, partial sequence; 5.8S ribosomal RNA gene and internal transcribed spacer 2, complete sequence; and large subunit ribosomal RNA gene, partial sequence

9ba0af14-6351-44be-aeee-97d7cab75c1c	MH345899.1	98.675	302	1	3	85	386	498	200	1.12e-146	532	minus	398	553	41984	Aspergillus tamarii	Aspergillus tamarii	Eukaryota	Aspergillus tamarii isolate 59 internal transcribed spacer 1, partial sequence; 5.8S ribosomal RNA gene and internal transcribed spacer 2, complete sequence; and large subunit ribosomal RNA gene, partial sequence

9ba0af14-6351-44be-aeee-97d7cab75c1c	MH345898.1	98.675	302	1	3	85	386	515	217	1.12e-146	532	minus	398	572	41984	Aspergillus tamarii	Aspergillus tamarii	Eukaryota	Aspergillus tamarii isolate 58 internal transcribed spacer 1, partial sequence; 5.8S ribosomal RNA gene and internal transcribed spacer 2, complete sequence; and large subunit ribosomal RNA gene, partial sequence

9ba0af14-6351-44be-aeee-97d7cab75c1c	MH345894.1	98.675	302	1	3	85	386	509	211	1.12e-146	532	minus	398	565	41984	Aspergillus tamarii	Aspergillus tamarii	Eukaryota	Aspergillus tamarii isolate 54 internal transcribed spacer 1, partial sequence; 5.8S ribosomal RNA gene and internal transcribed spacer 2, complete sequence; and large subunit ribosomal RNA gene, partial sequence

9ba0af14-6351-44be-aeee-97d7cab75c1c	MH345889.1	98.675	302	1	3	85	386	512	214	1.12e-146	532	minus	398	568	41984	Aspergillus tamarii	Aspergillus tamarii	Eukaryota	Aspergillus tamarii isolate 49 internal transcribed spacer 1, partial sequence; 5.8S ribosomal RNA gene and internal transcribed spacer 2, complete sequence; and large subunit ribosomal RNA gene, partial sequence

9ba0af14-6351-44be-aeee-97d7cab75c1c	MH345887.1	98.675	302	1	3	85	386	509	211	1.12e-146	532	minus	398	565	41984	Aspergillus tamarii	Aspergillus tamarii	Eukaryota	Aspergillus tamarii isolate 47 internal transcribed spacer 1, partial sequence; 5.8S ribosomal RNA gene and internal transcribed spacer 2, complete sequence; and large subunit ribosomal RNA gene, partial sequence

9ba0af14-6351-44be-aeee-97d7cab75c1c	MH345874.1	98.675	302	1	3	85	386	477	179	1.12e-146	532	minus	398	531	41984	Aspergillus tamarii	Aspergillus tamarii	Eukaryota	Aspergillus tamarii isolate 34 internal transcribed spacer 1, partial sequence; 5.8S ribosomal RNA gene and internal transcribed spacer 2, complete sequence; and large subunit ribosomal RNA gene, partial sequence

9ba0af14-6351-44be-aeee-97d7cab75c1c	MH345873.1	98.675	302	1	3	85	386	502	204	1.12e-146	532	minus	398	563	41984	Aspergillus tamarii	Aspergillus tamarii	Eukaryota	Aspergillus tamarii isolate 33 internal transcribed spacer 1, partial sequence; 5.8S ribosomal RNA gene and internal transcribed spacer 2, complete sequence; and large subunit ribosomal RNA gene, partial sequence

9ba0af14-6351-44be-aeee-97d7cab75c1c	MH345841.1	98.675	302	1	3	85	386	511	213	1.12e-146	532	minus	398	567	41984	Aspergillus tamarii	Aspergillus tamarii	Eukaryota	Aspergillus tamarii isolate 1 internal transcribed spacer 1, partial sequence; 5.8S ribosomal RNA gene and internal transcribed spacer 2, complete sequence; and large subunit ribosomal RNA gene, partial sequence

9ba0af14-6351-44be-aeee-97d7cab75c1c	MF402928.1	98.675	302	1	3	85	386	485	187	1.12e-146	532	minus	398	539	41984	Aspergillus tamarii	Aspergillus tamarii	Eukaryota	Aspergillus tamarii internal transcribed spacer 1, partial sequence; 5.8S ribosomal RNA gene and internal transcribed spacer 2, complete sequence; and large subunit ribosomal RNA gene, partial sequence

9ba0af14-6351-44be-aeee-97d7cab75c1c	MH279452.1	98.675	302	1	3	85	386	659	361	1.12e-146	532	minus	398	883	41984	Aspergillus tamarii	Aspergillus tamarii	Eukaryota	Aspergillus tamarii isolate DTO 389-C7 small subunit ribosomal RNA gene, partial sequence; internal transcribed spacer 1, 5.8S ribosomal RNA gene, and internal transcribed spacer 2, complete sequence; and large subunit ribosomal RNA gene, partial sequence

9ba0af14-6351-44be-aeee-97d7cab75c1c	MH279435.1	98.675	302	1	3	85	386	661	363	1.12e-146	532	minus	398	893	41984	Aspergillus tamarii	Aspergillus tamarii	Eukaryota	Aspergillus tamarii isolate DTO 364-E3 small subunit ribosomal RNA gene, partial sequence; internal transcribed spacer 1, 5.8S ribosomal RNA gene, and internal transcribed spacer 2, complete sequence; and large subunit ribosomal RNA gene, partial sequence

9ba0af14-6351-44be-aeee-97d7cab75c1c	MH279382.1	98.675	302	1	3	85	386	659	361	1.12e-146	532	minus	398	880	41984	Aspergillus tamarii	Aspergillus tamarii	Eukaryota	Aspergillus tamarii isolate DTO 145-C3 small subunit ribosomal RNA gene, partial sequence; internal transcribed spacer 1, 5.8S ribosomal RNA gene, and internal transcribed spacer 2, complete sequence; and large subunit ribosomal RNA gene, partial sequence

9ba0af14-6351-44be-aeee-97d7cab75c1c	MG991606.1	98.675	302	1	3	85	386	545	247	1.12e-146	532	minus	398	591	41984	Aspergillus tamarii	Aspergillus tamarii	Eukaryota	Aspergillus tamarii strain CMXY12030 small subunit ribosomal RNA gene, partial sequence; internal transcribed spacer 1, 5.8S ribosomal RNA gene, and internal transcribed spacer 2, complete sequence; and large subunit ribosomal RNA gene, partial sequence

9ba0af14-6351-44be-aeee-97d7cab75c1c	MG958604.1	98.675	302	1	3	85	386	512	214	1.12e-146	532	minus	398	545	41984	Aspergillus tamarii	Aspergillus tamarii	Eukaryota	Aspergillus tamarii strain 142 internal transcribed spacer 1, partial sequence; 5.8S ribosomal RNA gene and internal transcribed spacer 2, complete sequence; and large subunit ribosomal RNA gene, partial sequence

9ba0af14-6351-44be-aeee-97d7cab75c1c	MG857652.1	98.675	302	1	3	85	386	571	273	1.12e-146	532	minus	398	600	41984	Aspergillus tamarii	Aspergillus tamarii	Eukaryota	Aspergillus tamarii isolate T small subunit ribosomal RNA gene, partial sequence; internal transcribed spacer 1, 5.8S ribosomal RNA gene, and internal transcribed spacer 2, complete sequence; and large subunit ribosomal RNA gene, partial sequence

9ba0af14-6351-44be-aeee-97d7cab75c1c	MG857634.1	98.675	302	1	3	85	386	571	273	1.12e-146	532	minus	398	614	41984	Aspergillus tamarii	Aspergillus tamarii	Eukaryota	Aspergillus tamarii isolate B small subunit ribosomal RNA gene, partial sequence; internal transcribed spacer 1, 5.8S ribosomal RNA gene, and internal transcribed spacer 2, complete sequence; and large subunit ribosomal RNA gene, partial sequence

9ba0af14-6351-44be-aeee-97d7cab75c1c	MG682505.1	98.675	302	1	3	85	386	583	285	1.12e-146	532	minus	398	624	41984	Aspergillus tamarii	Aspergillus tamarii	Eukaryota	Aspergillus tamarii isolate SF57 small subunit ribosomal RNA gene, partial sequence; internal transcribed spacer 1, 5.8S ribosomal RNA gene, and internal transcribed spacer 2, complete sequence; and large subunit ribosomal RNA gene, partial sequence

9ba0af14-6351-44be-aeee-97d7cab75c1c	MG662403.1	98.675	302	1	3	85	386	659	361	1.12e-146	532	minus	398	891	41984	Aspergillus tamarii	Aspergillus tamarii	Eukaryota	Aspergillus tamarii isolate DTO 213-H5 small subunit ribosomal RNA gene, partial sequence; internal transcribed spacer 1, 5.8S ribosomal RNA gene, and internal transcribed spacer 2, complete sequence; and large subunit ribosomal RNA gene, partial sequence

9ba0af14-6351-44be-aeee-97d7cab75c1c	KY203946.1	98.675	302	1	3	85	386	497	199	1.12e-146	532	minus	398	503	41984	Aspergillus tamarii	Aspergillus tamarii	Eukaryota	Aspergillus tamarii strain Beca_29 internal transcribed spacer 1, partial sequence; 5.8S ribosomal RNA gene, complete sequence; and internal transcribed spacer 2, partial sequence

9ba0af14-6351-44be-aeee-97d7cab75c1c	KY203945.1	98.675	302	1	3	85	386	684	386	1.12e-146	532	minus	398	859	5065	Aspergillus sp.	Aspergillus sp.	Eukaryota	Aspergillus sp. strain Beca_27 internal transcribed spacer 1, partial sequence; 5.8S ribosomal RNA gene and internal transcribed spacer 2, complete sequence; and large subunit ribosomal RNA gene, partial sequence

9ba0af14-6351-44be-aeee-97d7cab75c1c	MG437417.1	98.675	302	1	3	85	386	524	226	1.12e-146	532	minus	398	569	41984	Aspergillus tamarii	Aspergillus tamarii	Eukaryota	Aspergillus tamarii isolate 6563 internal transcribed spacer 1, partial sequence; 5.8S ribosomal RNA gene and internal transcribed spacer 2, complete sequence; and large subunit ribosomal RNA gene, partial sequence

9ba0af14-6351-44be-aeee-97d7cab75c1c	MF040196.1	98.675	302	1	3	85	386	513	215	1.12e-146	532	minus	398	558	41984	Aspergillus tamarii	Aspergillus tamarii	Eukaryota	Aspergillus tamarii strain SCAU067 internal transcribed spacer 1, partial sequence; 5.8S ribosomal RNA gene and internal transcribed spacer 2, complete sequence; and large subunit ribosomal RNA gene, partial sequence

9ba0af14-6351-44be-aeee-97d7cab75c1c	KX463458.1	98.675	302	1	3	85	386	491	193	1.12e-146	532	minus	398	640	5059	Aspergillus flavus	Aspergillus flavus	Eukaryota	Aspergillus flavus strain AKF-9 internal transcribed spacer 1, partial sequence; 5.8S ribosomal RNA gene and internal transcribed spacer 2, complete sequence; and large subunit ribosomal RNA gene, partial sequence

9ba0af14-6351-44be-aeee-97d7cab75c1c	KY095108.1	98.675	302	1	3	85	386	495	197	1.12e-146	532	minus	398	546	41984	Aspergillus tamarii	Aspergillus tamarii	Eukaryota	Aspergillus tamarii strain SMS712 internal transcribed spacer 1, partial sequence; 5.8S ribosomal RNA gene and internal transcribed spacer 2, complete sequence; and large subunit ribosomal RNA gene, partial sequence

9ba0af14-6351-44be-aeee-97d7cab75c1c	KX897153.1	98.675	302	1	3	85	386	489	191	1.12e-146	532	minus	398	516	41984	Aspergillus tamarii	Aspergillus tamarii	Eukaryota	Aspergillus tamarii isolate S12 internal transcribed spacer 1, partial sequence; 5.8S ribosomal RNA gene and internal transcribed spacer 2, complete sequence; and large subunit ribosomal RNA gene, partial sequence

9ba0af14-6351-44be-aeee-97d7cab75c1c	KY019231.1	98.675	302	1	3	85	386	489	191	1.12e-146	532	minus	398	543	41984	Aspergillus tamarii	Aspergillus tamarii	Eukaryota	Aspergillus tamarii strain ATAM-1 internal transcribed spacer 1, partial sequence; 5.8S ribosomal RNA gene and internal transcribed spacer 2, complete sequence; and large subunit ribosomal RNA gene, partial sequence

9ba0af14-6351-44be-aeee-97d7cab75c1c	LC127424.1	98.675	302	1	3	85	386	569	271	1.12e-146	532	minus	398	612	41984	Aspergillus tamarii	Aspergillus tamarii	Eukaryota	Aspergillus tamarii genes for 18S rRNA, ITS1, 5.8S rRNA, ITS2, 28S rRNA, partial and complete sequence, isolate: FKI-6817

9ba0af14-6351-44be-aeee-97d7cab75c1c	KX610721.1	98.675	302	1	3	85	386	525	227	1.12e-146	532	minus	398	567	41984	Aspergillus tamarii	Aspergillus tamarii	Eukaryota	Aspergillus tamarii isolate TN-275 internal transcribed spacer 1, partial sequence; 5.8S ribosomal RNA gene and internal transcribed spacer 2, complete sequence; and 28S ribosomal RNA gene, partial sequence

9ba0af14-6351-44be-aeee-97d7cab75c1c	KX610720.1	98.675	302	1	3	85	386	526	228	1.12e-146	532	minus	398	560	41984	Aspergillus tamarii	Aspergillus tamarii	Eukaryota	Aspergillus tamarii isolate TN-263 internal transcribed spacer 1, partial sequence; 5.8S ribosomal RNA gene and internal transcribed spacer 2, complete sequence; and 28S ribosomal RNA gene, partial sequence

9ba0af14-6351-44be-aeee-97d7cab75c1c	KX610719.1	98.675	302	1	3	85	386	525	227	1.12e-146	532	minus	398	580	41984	Aspergillus tamarii	Aspergillus tamarii	Eukaryota	Aspergillus tamarii isolate TN-7 internal transcribed spacer 1, partial sequence; 5.8S ribosomal RNA gene and internal transcribed spacer 2, complete sequence; and 28S ribosomal RNA gene, partial sequence

9ba0af14-6351-44be-aeee-97d7cab75c1c	KU707929.1	98.675	302	1	3	85	386	538	240	1.12e-146	532	minus	398	587	41984	Aspergillus tamarii	Aspergillus tamarii	Eukaryota	Aspergillus tamarii isolate DJP01 18S ribosomal RNA gene, partial sequence; internal transcribed spacer 1, 5.8S ribosomal RNA gene, and internal transcribed spacer 2, complete sequence; and 28S ribosomal RNA gene, partial sequence

9ba0af14-6351-44be-aeee-97d7cab75c1c	KU612289.1	98.675	302	1	3	85	386	532	234	1.12e-146	532	minus	398	574	41984	Aspergillus tamarii	Aspergillus tamarii	Eukaryota	Aspergillus tamarii isolate BH10PH internal transcribed spacer 1, partial sequence; 5.8S ribosomal RNA gene and internal transcribed spacer 2, complete sequence; and 28S ribosomal RNA gene, partial sequence

9ba0af14-6351-44be-aeee-97d7cab75c1c	LT594459.1	98.675	302	1	3	85	386	520	222	1.12e-146	532	minus	398	577	41984	Aspergillus tamarii	Aspergillus tamarii	Eukaryota	Aspergillus tamarii genomic DNA sequence contains 18S rRNA gene, ITS1, 5.8S rRNA gene, ITS2, 28S rRNA gene, isolate IS 6

9ba0af14-6351-44be-aeee-97d7cab75c1c	KU353727.1	98.675	302	1	3	85	386	526	228	1.12e-146	532	minus	398	570	41984	Aspergillus tamarii	Aspergillus tamarii	Eukaryota	Aspergillus tamarii strain 60034531 internal transcribed spacer 1, partial sequence; 5.8S ribosomal RNA gene and internal transcribed spacer 2, complete sequence; and 28S ribosomal RNA gene, partial sequence

9ba0af14-6351-44be-aeee-97d7cab75c1c	KX160452.1	98.675	302	1	3	85	386	45	343	1.12e-146	532	plus	398	574	1847954	Aspergillus sp. BAB-5683	Aspergillus sp. BAB-5683	Eukaryota	Aspergillus sp. BAB-5683 internal transcribed spacer 1, partial sequence; 5.8S ribosomal RNA gene and internal transcribed spacer 2, complete sequence; and 28S ribosomal RNA gene, partial sequence

24272ac4-7a31-4524-b219-46ec613c7110	MN341224.1	98.734	158	1	1	111	267	374	531	1.08e-70	279	plus	278	537	41984	Aspergillus tamarii	Aspergillus tamarii	Eukaryota	Aspergillus tamarii isolate LM3010 internal transcribed spacer 1, partial sequence; 5.8S ribosomal RNA gene and internal transcribed spacer 2, complete sequence; and large subunit ribosomal RNA gene, partial sequence

24272ac4-7a31-4524-b219-46ec613c7110	MN174036.1	98.734	158	1	1	111	267	472	629	1.08e-70	279	plus	278	877	41061	Aspergillus nomiae	Aspergillus nomiae	Eukaryota	Aspergillus nomius isolate 420_07 internal transcribed spacer 1, partial sequence; 5.8S ribosomal RNA gene and internal transcribed spacer 2, complete sequence; and large subunit ribosomal RNA gene, partial sequence

24272ac4-7a31-4524-b219-46ec613c7110	MK638758.1	98.734	158	1	1	111	267	596	753	1.08e-70	279	plus	278	1747	41984	Aspergillus tamarii	Aspergillus tamarii	Eukaryota	Aspergillus tamarii isolate SKF8 small subunit ribosomal RNA gene, partial sequence; internal transcribed spacer 1, 5.8S ribosomal RNA gene, and internal transcribed spacer 2, complete sequence; and large subunit ribosomal RNA gene, partial sequence

24272ac4-7a31-4524-b219-46ec613c7110	MG925000.1	98.734	158	1	1	111	267	475	632	1.08e-70	279	plus	278	1111	1709941	fungal sp.	fungal sp.	Eukaryota	Fungal sp. voucher ARIZ:02M11 internal transcribed spacer 1, partial sequence; 5.8S ribosomal RNA gene and internal transcribed spacer 2, complete sequence; and large subunit ribosomal RNA gene, partial sequence

24272ac4-7a31-4524-b219-46ec613c7110	MK192017.1	98.734	158	1	1	111	267	479	636	1.08e-70	279	plus	278	1118	41061	Aspergillus nomiae	Aspergillus nomiae	Eukaryota	Aspergillus nomius isolate mr103 internal transcribed spacer 1, partial sequence; 5.8S ribosomal RNA gene and internal transcribed spacer 2, complete sequence; and large subunit ribosomal RNA gene, partial sequence

24272ac4-7a31-4524-b219-46ec613c7110	MH279452.1	98.734	158	1	1	111	267	613	770	1.08e-70	279	plus	278	883	41984	Aspergillus tamarii	Aspergillus tamarii	Eukaryota	Aspergillus tamarii isolate DTO 389-C7 small subunit ribosomal RNA gene, partial sequence; internal transcribed spacer 1, 5.8S ribosomal RNA gene, and internal transcribed spacer 2, complete sequence; and large subunit ribosomal RNA gene, partial sequence

24272ac4-7a31-4524-b219-46ec613c7110	MH279435.1	98.734	158	1	1	111	267	615	772	1.08e-70	279	plus	278	893	41984	Aspergillus tamarii	Aspergillus tamarii	Eukaryota	Aspergillus tamarii isolate DTO 364-E3 small subunit ribosomal RNA gene, partial sequence; internal transcribed spacer 1, 5.8S ribosomal RNA gene, and internal transcribed spacer 2, complete sequence; and large subunit ribosomal RNA gene, partial sequence

24272ac4-7a31-4524-b219-46ec613c7110	MH279429.1	98.734	158	1	1	111	267	540	697	1.08e-70	279	plus	278	768	2175223	Aspergillus subflavus	Aspergillus subflavus	Eukaryota	Aspergillus subflavus isolate DTO 326-E8 small subunit ribosomal RNA gene, partial sequence; internal transcribed spacer 1, 5.8S ribosomal RNA gene, and internal transcribed spacer 2, complete sequence; and large subunit ribosomal RNA gene, partial sequence

24272ac4-7a31-4524-b219-46ec613c7110	MH279419.1	98.734	158	1	1	111	267	521	678	1.08e-70	279	plus	278	721	41061	Aspergillus nomiae	Aspergillus nomiae	Eukaryota	Aspergillus nomius isolate DTO 321-F2 small subunit ribosomal RNA gene, partial sequence; internal transcribed spacer 1, 5.8S ribosomal RNA gene, and internal transcribed spacer 2, complete sequence; and large subunit ribosomal RNA gene, partial sequence

24272ac4-7a31-4524-b219-46ec613c7110	MH279418.1	98.734	158	1	1	111	267	584	741	1.08e-70	279	plus	278	843	1506151	Aspergillus pseudonomiae	Aspergillus pseudonomiae	Eukaryota	Aspergillus pseudonomius isolate DTO 303-A4 small subunit ribosomal RNA gene, partial sequence; internal transcribed spacer 1, 5.8S ribosomal RNA gene, and internal transcribed spacer 2, complete sequence; and large subunit ribosomal RNA gene, partial sequence

24272ac4-7a31-4524-b219-46ec613c7110	MH279417.1	98.734	158	1	1	111	267	593	750	1.08e-70	279	plus	278	870	1506151	Aspergillus pseudonomiae	Aspergillus pseudonomiae	Eukaryota	Aspergillus pseudonomius isolate DTO 267-H7 small subunit ribosomal RNA gene, partial sequence; internal transcribed spacer 1, 5.8S ribosomal RNA gene, and internal transcribed spacer 2, complete sequence; and large subunit ribosomal RNA gene, partial sequence

24272ac4-7a31-4524-b219-46ec613c7110	MH279416.1	98.734	158	1	1	111	267	608	765	1.08e-70	279	plus	278	887	1506151	Aspergillus pseudonomiae	Aspergillus pseudonomiae	Eukaryota	Aspergillus pseudonomius isolate DTO 267-D6 small subunit ribosomal RNA gene, partial sequence; internal transcribed spacer 1, 5.8S ribosomal RNA gene, and internal transcribed spacer 2, complete sequence; and large subunit ribosomal RNA gene, partial sequence

24272ac4-7a31-4524-b219-46ec613c7110	MH279388.1	98.734	158	1	1	111	267	608	765	1.08e-70	279	plus	278	912	41061	Aspergillus nomiae	Aspergillus nomiae	Eukaryota	Aspergillus nomius isolate DTO 161-F2 small subunit ribosomal RNA gene, partial sequence; internal transcribed spacer 1, 5.8S ribosomal RNA gene, and internal transcribed spacer 2, complete sequence; and large subunit ribosomal RNA gene, partial sequence

24272ac4-7a31-4524-b219-46ec613c7110	MH279387.1	98.734	158	1	1	111	267	627	784	1.08e-70	279	plus	278	931	41061	Aspergillus nomiae	Aspergillus nomiae	Eukaryota	Aspergillus nomius isolate DTO 161-F1 small subunit ribosomal RNA gene, partial sequence; internal transcribed spacer 1, 5.8S ribosomal RNA gene, and internal transcribed spacer 2, complete sequence; and large subunit ribosomal RNA gene, partial sequence

24272ac4-7a31-4524-b219-46ec613c7110	MH279382.1	98.734	158	1	1	111	267	613	770	1.08e-70	279	plus	278	880	41984	Aspergillus tamarii	Aspergillus tamarii	Eukaryota	Aspergillus tamarii isolate DTO 145-C3 small subunit ribosomal RNA gene, partial sequence; internal transcribed spacer 1, 5.8S ribosomal RNA gene, and internal transcribed spacer 2, complete sequence; and large subunit ribosomal RNA gene, partial sequence

24272ac4-7a31-4524-b219-46ec613c7110	MG662406.1	98.734	158	1	1	111	267	612	769	1.08e-70	279	plus	278	890	2059441	Aspergillus luteovirescens	Aspergillus luteovirescens	Eukaryota	Aspergillus luteovirescens isolate DTO 010-H1 small subunit ribosomal RNA gene, partial sequence; internal transcribed spacer 1, 5.8S ribosomal RNA gene, and internal transcribed spacer 2, complete sequence; and large subunit ribosomal RNA gene, partial sequence

24272ac4-7a31-4524-b219-46ec613c7110	MG662403.1	98.734	158	1	1	111	267	613	770	1.08e-70	279	plus	278	891	41984	Aspergillus tamarii	Aspergillus tamarii	Eukaryota	Aspergillus tamarii isolate DTO 213-H5 small subunit ribosomal RNA gene, partial sequence; internal transcribed spacer 1, 5.8S ribosomal RNA gene, and internal transcribed spacer 2, complete sequence; and large subunit ribosomal RNA gene, partial sequence

24272ac4-7a31-4524-b219-46ec613c7110	MG662384.1	98.734	158	1	1	111	267	610	767	1.08e-70	279	plus	278	888	5059	Aspergillus flavus	Aspergillus flavus	Eukaryota	Aspergillus flavus isolate DTO 228-H9 small subunit ribosomal RNA gene, partial sequence; internal transcribed spacer 1, 5.8S ribosomal RNA gene, and internal transcribed spacer 2, complete sequence; and large subunit ribosomal RNA gene, partial sequence

24272ac4-7a31-4524-b219-46ec613c7110	MF668184.1	98.734	158	1	1	111	267	455	612	1.08e-70	279	plus	278	1094	656916	Aspergillus arachidicola	Aspergillus arachidicola	Eukaryota	Aspergillus arachidicola strain CBS 117610 internal transcribed spacer 1, partial sequence; 5.8S ribosomal RNA gene and internal transcribed spacer 2, complete sequence; and 28S ribosomal RNA gene, partial sequence

24272ac4-7a31-4524-b219-46ec613c7110	KY937938.1	98.734	158	1	1	111	267	474	631	1.08e-70	279	plus	278	1113	132259	Aspergillus pseudotamarii	Aspergillus pseudotamarii	Eukaryota	Aspergillus pseudotamarii strain NRRL 25519 18S ribosomal RNA gene, partial sequence; internal transcribed spacer 1, 5.8S ribosomal RNA gene, and internal transcribed spacer 2, complete sequence; and 28S ribosomal RNA gene, partial sequence

24272ac4-7a31-4524-b219-46ec613c7110	KY937937.1	98.734	158	1	1	111	267	474	631	1.08e-70	279	plus	278	1112	132259	Aspergillus pseudotamarii	Aspergillus pseudotamarii	Eukaryota	Aspergillus pseudotamarii strain NRRL 25518 18S ribosomal RNA gene, partial sequence; internal transcribed spacer 1, 5.8S ribosomal RNA gene, and internal transcribed spacer 2, complete sequence; and 28S ribosomal RNA gene, partial sequence

24272ac4-7a31-4524-b219-46ec613c7110	KY937923.1	98.734	158	1	1	111	267	470	627	1.08e-70	279	plus	278	1109	656916	Aspergillus arachidicola	Aspergillus arachidicola	Eukaryota	Aspergillus arachidicola strain CBS 117614 18S ribosomal RNA gene, partial sequence; internal transcribed spacer 1, 5.8S ribosomal RNA gene, and internal transcribed spacer 2, complete sequence; and 28S ribosomal RNA gene, partial sequence

24272ac4-7a31-4524-b219-46ec613c7110	MF355396.1	98.734	158	1	1	111	267	429	586	1.08e-70	279	plus	278	1317	41984	Aspergillus tamarii	Aspergillus tamarii	Eukaryota	Aspergillus tamarii isolate SAAT1 small subunit ribosomal RNA gene, partial sequence; internal transcribed spacer 1, 5.8S ribosomal RNA gene, and internal transcribed spacer 2, complete sequence; and large subunit ribosomal RNA gene, partial sequence

24272ac4-7a31-4524-b219-46ec613c7110	KU984478.1	98.734	158	1	1	111	267	184	341	1.08e-70	279	plus	278	851	5059	Aspergillus flavus	Aspergillus flavus	Eukaryota	Aspergillus flavus strain JND-JND-HSS-1 5.8S ribosomal RNA gene, partial sequence; internal transcribed spacer 2, complete sequence; and large subunit ribosomal RNA gene, partial sequence

24272ac4-7a31-4524-b219-46ec613c7110	KU984477.1	98.734	158	1	1	111	267	184	341	1.08e-70	279	plus	278	847	41984	Aspergillus tamarii	Aspergillus tamarii	Eukaryota	Aspergillus tamarii strain JND-JND-Cak-1 5.8S ribosomal RNA gene, partial sequence; internal transcribed spacer 2, complete sequence; and large subunit ribosomal RNA gene, partial sequence

24272ac4-7a31-4524-b219-46ec613c7110	KU984476.1	98.734	158	1	1	111	267	126	283	1.08e-70	279	plus	278	799	41984	Aspergillus tamarii	Aspergillus tamarii	Eukaryota	Aspergillus tamarii strain JND-MAN-LIM-GG20 B 5.8S ribosomal RNA gene, partial sequence; internal transcribed spacer 2, complete sequence; and large subunit ribosomal RNA gene, partial sequence

24272ac4-7a31-4524-b219-46ec613c7110	KU984473.1	98.734	158	1	1	111	267	186	343	1.08e-70	279	plus	278	857	5059	Aspergillus flavus	Aspergillus flavus	Eukaryota	Aspergillus flavus strain DAT-DAT-PAT-GG37 5.8S ribosomal RNA gene, partial sequence; internal transcribed spacer 2, complete sequence; and large subunit ribosomal RNA gene, partial sequence

24272ac4-7a31-4524-b219-46ec613c7110	KU984471.1	98.734	158	1	1	111	267	187	344	1.08e-70	279	plus	278	915	5059	Aspergillus flavus	Aspergillus flavus	Eukaryota	Aspergillus flavus strain RJD-DHO-PAR-GG37 5.8S ribosomal RNA gene, partial sequence; internal transcribed spacer 2, complete sequence; and large subunit ribosomal RNA gene, partial sequence

24272ac4-7a31-4524-b219-46ec613c7110	KU984470.1	98.734	158	1	1	111	267	202	359	1.08e-70	279	plus	278	884	41984	Aspergillus tamarii	Aspergillus tamarii	Eukaryota	Aspergillus tamarii strain RJD-UPA-KUN-TJ37A 5.8S ribosomal RNA gene, partial sequence; internal transcribed spacer 2, complete sequence; and large subunit ribosomal RNA gene, partial sequence

24272ac4-7a31-4524-b219-46ec613c7110	KU984469.1	98.734	158	1	1	111	267	183	340	1.08e-70	279	plus	278	846	41984	Aspergillus tamarii	Aspergillus tamarii	Eukaryota	Aspergillus tamarii strain JND-MEN-GUN-GG41 5.8S ribosomal RNA gene, partial sequence; internal transcribed spacer 2, complete sequence; and large subunit ribosomal RNA gene, partial sequence

24272ac4-7a31-4524-b219-46ec613c7110	KU984468.1	98.734	158	1	1	111	267	165	322	1.08e-70	279	plus	278	889	41984	Aspergillus tamarii	Aspergillus tamarii	Eukaryota	Aspergillus tamarii strain DWK-DWK-GG20B internal transcribed spacer 2 and large subunit ribosomal RNA gene, partial sequence

24272ac4-7a31-4524-b219-46ec613c7110	KU984467.1	98.734	158	1	1	111	267	197	354	1.08e-70	279	plus	278	925	41984	Aspergillus tamarii	Aspergillus tamarii	Eukaryota	Aspergillus tamarii strain JND-YARD-1-GG20 5.8S ribosomal RNA gene, partial sequence; internal transcribed spacer 2, complete sequence; and large subunit ribosomal RNA gene, partial sequence

24272ac4-7a31-4524-b219-46ec613c7110	KU984466.1	98.734	158	1	1	111	267	200	357	1.08e-70	279	plus	278	862	41984	Aspergillus tamarii	Aspergillus tamarii	Eukaryota	Aspergillus tamarii strain JND-YARD-2 5.8S ribosomal RNA gene, partial sequence; internal transcribed spacer 2, complete sequence; and large subunit ribosomal RNA gene, partial sequence

24272ac4-7a31-4524-b219-46ec613c7110	KU984464.1	98.734	158	1	1	111	267	200	357	1.08e-70	279	plus	278	945	41984	Aspergillus tamarii	Aspergillus tamarii	Eukaryota	Aspergillus tamarii strain JND-MEN-MEN-GG41B 5.8S ribosomal RNA gene, partial sequence; internal transcribed spacer 2, complete sequence; and large subunit ribosomal RNA gene, partial sequence

24272ac4-7a31-4524-b219-46ec613c7110	KP784375.1	98.734	158	1	1	111	267	611	768	1.08e-70	279	plus	278	895	41984	Aspergillus tamarii	Aspergillus tamarii	Eukaryota	Aspergillus tamarii strain 122 1 B2 18S ribosomal RNA gene, partial sequence; internal transcribed spacer 1, 5.8S ribosomal RNA gene, and internal transcribed spacer 2, complete sequence; and 28S ribosomal RNA gene, partial sequence

24272ac4-7a31-4524-b219-46ec613c7110	KP329668.1	98.734	158	1	1	111	267	479	636	1.08e-70	279	plus	278	657	41984	Aspergillus tamarii	Aspergillus tamarii	Eukaryota	Aspergillus tamarii strain DTO:133-B1 18S ribosomal RNA gene, partial sequence; internal transcribed spacer 1, 5.8S ribosomal RNA gene, and internal transcribed spacer 2, complete sequence; and 28S ribosomal RNA gene, partial sequence

24272ac4-7a31-4524-b219-46ec613c7110	KP329611.1	98.734	158	1	1	111	267	479	636	1.08e-70	279	plus	278	657	41984	Aspergillus tamarii	Aspergillus tamarii	Eukaryota	Aspergillus tamarii strain DTO:129-E2 18S ribosomal RNA gene, partial sequence; internal transcribed spacer 1, 5.8S ribosomal RNA gene, and internal transcribed spacer 2, complete sequence; and 28S ribosomal RNA gene, partial sequence

24272ac4-7a31-4524-b219-46ec613c7110	OL711742.1	98.734	158	1	1	111	267	611	768	1.08e-70	279	plus	278	1696	1034302	Aspergillus mottae	Aspergillus mottae	Eukaryota	Aspergillus mottae strain CBS 130016 small subunit ribosomal RNA gene, partial sequence; internal transcribed spacer 1, 5.8S ribosomal RNA gene, and internal transcribed spacer 2, complete sequence; and large subunit ribosomal RNA gene, partial sequence

24272ac4-7a31-4524-b219-46ec613c7110	OL711687.1	98.734	158	1	1	111	267	610	767	1.08e-70	279	plus	278	1695	656916	Aspergillus arachidicola	Aspergillus arachidicola	Eukaryota	Aspergillus arachidicola strain CBS 117612 small subunit ribosomal RNA gene, partial sequence; internal transcribed spacer 1, 5.8S ribosomal RNA gene, and internal transcribed spacer 2, complete sequence; and large subunit ribosomal RNA gene, partial sequence

24272ac4-7a31-4524-b219-46ec613c7110	OL711684.1	98.734	158	1	1	111	267	614	771	1.08e-70	279	plus	278	1699	132259	Aspergillus pseudotamarii	Aspergillus pseudotamarii	Eukaryota	Aspergillus pseudotamarii strain CBS 117625 small subunit ribosomal RNA gene, partial sequence; internal transcribed spacer 1, 5.8S ribosomal RNA gene, and internal transcribed spacer 2, complete sequence; and large subunit ribosomal RNA gene, partial sequence

24272ac4-7a31-4524-b219-46ec613c7110	OL711680.1	98.734	158	1	1	111	267	613	770	1.08e-70	279	plus	278	1698	41061;1506151	Aspergillus nomiae;Aspergillus pseudonomiae	Aspergillus nomiae;Aspergillus pseudonomiae	Eukaryota	Aspergillus nomiae strain IBT 12657 small subunit ribosomal RNA gene, partial sequence; internal transcribed spacer 1, 5.8S ribosomal RNA gene, and internal transcribed spacer 2, complete sequence; and large subunit ribosomal RNA gene, partial sequence

24272ac4-7a31-4524-b219-46ec613c7110	MZ227348.1	98.734	158	1	1	111	267	227	384	1.08e-70	279	plus	278	812	109264	Aspergillus bombycis	Aspergillus bombycis	Eukaryota	Aspergillus bombycis isolate INF74 5.8S ribosomal RNA gene, partial sequence; internal transcribed spacer 2, complete sequence; and large subunit ribosomal RNA gene, partial sequence

24272ac4-7a31-4524-b219-46ec613c7110	MZ227314.1	98.734	158	1	1	111	267	585	742	1.08e-70	279	plus	278	858	1506151	Aspergillus pseudonomiae	Aspergillus pseudonomiae	Eukaryota	Aspergillus pseudonomiae isolate INF39 small subunit ribosomal RNA gene, partial sequence; internal transcribed spacer 1, 5.8S ribosomal RNA gene, and internal transcribed spacer 2, complete sequence; and large subunit ribosomal RNA gene, partial sequence

24272ac4-7a31-4524-b219-46ec613c7110	JX110981.1	98.734	158	1	1	111	267	499	656	1.08e-70	279	plus	278	1387	41984	Aspergillus tamarii	Aspergillus tamarii	Eukaryota	Aspergillus tamarii strain ATL GRD119 18S ribosomal RNA gene, partial sequence; internal transcribed spacer 1, 5.8S ribosomal RNA gene, and internal transcribed spacer 2, complete sequence; and 28S ribosomal RNA gene, partial sequence

24272ac4-7a31-4524-b219-46ec613c7110	LR983924.1	98.734	158	1	1	111	267	441	598	1.08e-70	279	plus	278	764	41984	Aspergillus tamarii	Aspergillus tamarii	Eukaryota	Aspergillus tamarii genomic DNA sequence contains ITS1, 5.8S rRNA gene, ITS2, 28S rRNA gene, isolate CCF 3205

24272ac4-7a31-4524-b219-46ec613c7110	MW299168.1	98.734	158	1	1	111	267	420	577	1.08e-70	279	plus	278	999	5065	Aspergillus sp.	Aspergillus sp.	Eukaryota	Aspergillus sp. isolate 880172-31--19 internal transcribed spacer 1, partial sequence; 5.8S ribosomal RNA gene and internal transcribed spacer 2, complete sequence; and large subunit ribosomal RNA gene, partial sequence

24272ac4-7a31-4524-b219-46ec613c7110	MW282851.1	98.734	158	1	1	111	267	453	610	1.08e-70	279	plus	278	793	41061	Aspergillus nomiae	Aspergillus nomiae	Eukaryota	Aspergillus nomiae isolate Y_ITS1 internal transcribed spacer 1, partial sequence; 5.8S ribosomal RNA gene and internal transcribed spacer 2, complete sequence; and large subunit ribosomal RNA gene, partial sequence

24272ac4-7a31-4524-b219-46ec613c7110	JF412768.1	98.734	158	1	1	111	267	450	607	1.08e-70	279	plus	278	1090	1034302	Aspergillus mottae	Aspergillus mottae	Eukaryota	Aspergillus sp. SWP-2011a isolate CS4 internal transcribed spacer 1, partial sequence; 5.8S ribosomal RNA gene and internal transcribed spacer 2, complete sequence; and 28S ribosomal RNA gene, partial sequence

24272ac4-7a31-4524-b219-46ec613c7110	JF446613.1	98.734	158	1	1	111	267	476	633	1.08e-70	279	plus	278	1152	1034304	Aspergillus transmontanensis	Aspergillus transmontanensis	Eukaryota	Aspergillus transmontanensis strain cs20 18S ribosomal RNA gene, partial sequence; internal transcribed spacer 1, 5.8S ribosomal RNA gene, and internal transcribed spacer 2, complete sequence; and 28S ribosomal RNA gene, partial sequence

24272ac4-7a31-4524-b219-46ec613c7110	FR851849.1	98.734	158	1	1	111	267	471	628	1.08e-70	279	plus	278	725	41984	Aspergillus tamarii	Aspergillus tamarii	Eukaryota	Aspergillus tamarii 18S rRNA gene (partial), ITS1, 5.8S rRNA gene, ITS2 and 28S rRNA gene (partial), isolate CCF 3874

24272ac4-7a31-4524-b219-46ec613c7110	HQ340111.1	98.734	158	1	1	111	267	620	777	1.08e-70	279	plus	278	914	41984	Aspergillus tamarii	Aspergillus tamarii	Eukaryota	Aspergillus tamarii culture-collection NRRL:427 18S ribosomal RNA gene, partial sequence; internal transcribed spacer 1, 5.8S ribosomal RNA gene, and internal transcribed spacer 2, complete sequence; and 28S ribosomal RNA gene, partial sequence

24272ac4-7a31-4524-b219-46ec613c7110	AF338643.1	98.734	158	1	1	111	267	479	636	1.08e-70	279	plus	278	1155	1506151	Aspergillus pseudonomiae	Aspergillus pseudonomiae	Eukaryota	Aspergillus pseudonomiae strain NRRL 3353 18S ribosomal RNA gene, partial sequence; internal transcribed spacer 1, 5.8S ribosomal RNA gene, and internal transcribed spacer 2, complete sequence; and 28S ribosomal RNA gene, partial sequence

24272ac4-7a31-4524-b219-46ec613c7110	AF338629.1	98.734	158	1	1	111	267	478	635	1.08e-70	279	plus	278	1154	41061	Aspergillus nomiae	Aspergillus nomiae	Eukaryota	Aspergillus nomiae strain NRRL 26887 18S ribosomal RNA gene, partial sequence; internal transcribed spacer 1, 5.8S ribosomal RNA gene, and internal transcribed spacer 2, complete sequence; and 28S ribosomal RNA gene, partial sequence

24272ac4-7a31-4524-b219-46ec613c7110	AF104447.1	98.734	158	1	1	111	267	479	636	1.08e-70	279	plus	278	1155	41061	Aspergillus nomiae	Aspergillus nomiae	Eukaryota	Aspergillus nomius 18S ribosomal RNA gene, partial sequence; internal transcribed spacer 1, 5.8S ribosomal RNA gene and internal transcribed spacer 2, complete sequence; and 28S ribosomal RNA gene, partial sequence

24272ac4-7a31-4524-b219-46ec613c7110	AF338614.1	98.734	158	1	1	111	267	479	636	1.08e-70	279	plus	278	1155	41061	Aspergillus nomiae	Aspergillus nomiae	Eukaryota	Aspergillus nomiae strain NRRL 26450 18S ribosomal RNA gene, partial sequence; internal transcribed spacer 1, 5.8S ribosomal RNA gene, and internal transcribed spacer 2, complete sequence; and 28S ribosomal RNA gene, partial sequence

24272ac4-7a31-4524-b219-46ec613c7110	AF338613.1	98.734	158	1	1	111	267	481	638	1.08e-70	279	plus	278	1157	41061	Aspergillus nomiae	Aspergillus nomiae	Eukaryota	Aspergillus nomiae strain NRRL 25585 18S ribosomal RNA gene, partial sequence; internal transcribed spacer 1, 5.8S ribosomal RNA gene, and internal transcribed spacer 2, complete sequence; and 28S ribosomal RNA gene, partial sequence

24272ac4-7a31-4524-b219-46ec613c7110	AF104444.1	98.734	158	1	1	111	267	478	635	1.08e-70	279	plus	278	1154	109264	Aspergillus bombycis	Aspergillus bombycis	Eukaryota	Aspergillus bombycis strain NRRL 26010 18S ribosomal RNA gene, partial sequence; internal transcribed spacer 1, 5.8S ribosomal RNA gene and internal transcribed spacer 2, complete sequence; and 28S ribosomal RNA gene, partial sequence

24272ac4-7a31-4524-b219-46ec613c7110	AF004929.1	98.734	158	1	1	111	267	479	636	1.08e-70	279	plus	278	1155	41984	Aspergillus tamarii	Aspergillus tamarii	Eukaryota	Aspergillus tamarii NRRL 20818 internal transcribed spacer 1, 5.8S ribosomal RNA gene and internal transcribed spacer 2, complete sequence, and large subunit ribosomal RNA gene, partial sequence

24272ac4-7a31-4524-b219-46ec613c7110	AF004931.1	98.734	158	1	1	111	267	480	637	1.08e-70	279	plus	278	1156	132259	Aspergillus pseudotamarii	Aspergillus pseudotamarii	Eukaryota	Aspergillus pseudotamarii strain NRRL 443 internal transcribed spacer 1, 5.8S ribosomal RNA gene, and internal transcribed spacer 2, complete sequence; and large subunit ribosomal RNA gene, partial sequence

24272ac4-7a31-4524-b219-46ec613c7110	AF027860.1	98.734	158	1	1	111	267	479	636	1.08e-70	279	plus	278	1155	41061	Aspergillus nomiae	Aspergillus nomiae	Eukaryota	Aspergillus nomius strain NRRL 13137 internal transcribed spacer 1, 5.8S ribosomal RNA gene and internal transcribed spacer 2, complete sequence; and 28S ribosomal RNA gene, partial sequence

24272ac4-7a31-4524-b219-46ec613c7110	AF004932.1	98.734	158	1	1	111	267	479	636	1.08e-70	279	plus	278	1155	41984	Aspergillus tamarii	Aspergillus tamarii	Eukaryota	Aspergillus tamarii NRRL 26066 internal transcribed spacer 1, 5.8S ribosomal RNA gene and internal transcribed spacer 2, complete sequence, and large subunit ribosomal RNA gene, partial sequence

24272ac4-7a31-4524-b219-46ec613c7110	AF027861.1	98.734	158	1	1	111	267	481	638	1.08e-70	279	plus	278	1157	41061	Aspergillus nomiae	Aspergillus nomiae	Eukaryota	Aspergillus nomius strain NRRL 25585 internal transcribed spacer 1, 5.8S ribosomal RNA gene and internal transcribed spacer 2, complete sequence; and 28S ribosomal RNA gene, partial sequence

24272ac4-7a31-4524-b219-46ec613c7110	MK450657.1	98.101	158	2	1	111	267	601	758	5.05e-69	274	plus	278	870	1034304	Aspergillus transmontanensis	Aspergillus transmontanensis	Eukaryota	Aspergillus transmontanensis strain CMV011A5 18S ribosomal RNA gene, partial sequence; internal transcribed spacer 1, 5.8S ribosomal RNA gene, and internal transcribed spacer 2, complete sequence; and 28S ribosomal RNA gene, partial sequence

24272ac4-7a31-4524-b219-46ec613c7110	MG662400.1	98.101	158	2	1	111	267	610	767	5.05e-69	274	plus	278	888	5067	Aspergillus parasiticus	Aspergillus parasiticus	Eukaryota	Aspergillus parasiticus isolate DTO 046-C2 small subunit ribosomal RNA gene, partial sequence; internal transcribed spacer 1, 5.8S ribosomal RNA gene, and internal transcribed spacer 2, complete sequence; and large subunit ribosomal RNA gene, partial sequence

24272ac4-7a31-4524-b219-46ec613c7110	MF668186.1	98.101	158	2	1	111	267	455	612	5.05e-69	274	plus	278	1094	41058	Aspergillus sojae	Aspergillus sojae	Eukaryota	Aspergillus sojae strain CBS 100928 internal transcribed spacer 1, partial sequence; 5.8S ribosomal RNA gene and internal transcribed spacer 2, complete sequence; and 28S ribosomal RNA gene, partial sequence

24272ac4-7a31-4524-b219-46ec613c7110	KY937935.1	98.101	158	2	1	111	267	474	631	5.05e-69	274	plus	278	1113	1825620	Aspergillus pseudocaelatus	Aspergillus pseudocaelatus	Eukaryota	Aspergillus pseudocaelatus strain CBS 117616 18S ribosomal RNA gene, partial sequence; internal transcribed spacer 1, 5.8S ribosomal RNA gene, and internal transcribed spacer 2, complete sequence; and 28S ribosomal RNA gene, partial sequence

24272ac4-7a31-4524-b219-46ec613c7110	KY937934.1	98.101	158	2	1	111	267	470	627	5.05e-69	274	plus	278	1109	5067	Aspergillus parasiticus	Aspergillus parasiticus	Eukaryota	Aspergillus parasiticus strain NRRL 492 18S ribosomal RNA gene, partial sequence; internal transcribed spacer 1, 5.8S ribosomal RNA gene, and internal transcribed spacer 2, complete sequence; and 28S ribosomal RNA gene, partial sequence

24272ac4-7a31-4524-b219-46ec613c7110	KY937933.1	98.101	158	2	1	111	267	455	612	5.05e-69	274	plus	278	1094	5067	Aspergillus parasiticus	Aspergillus parasiticus	Eukaryota	Aspergillus parasiticus strain CBS 100926 internal transcribed spacer 1, partial sequence; 5.8S ribosomal RNA gene and internal transcribed spacer 2, complete sequence; and 28S ribosomal RNA gene, partial sequence

24272ac4-7a31-4524-b219-46ec613c7110	KU978097.1	98.101	158	2	1	111	267	403	560	5.05e-69	274	plus	278	975	1709941	fungal sp.	fungal sp.	Eukaryota	Fungal sp. voucher ARIZ:PS1130 internal transcribed spacer 1, partial sequence; 5.8S ribosomal RNA gene and internal transcribed spacer 2, complete sequence; and 28S ribosomal RNA gene, partial sequence

24272ac4-7a31-4524-b219-46ec613c7110	OL711689.1	98.101	158	2	1	111	267	610	767	5.05e-69	274	plus	278	1695	5067	Aspergillus parasiticus	Aspergillus parasiticus	Eukaryota	Aspergillus parasiticus strain CBS 117618 small subunit ribosomal RNA gene, partial sequence; internal transcribed spacer 1, 5.8S ribosomal RNA gene, and internal transcribed spacer 2, complete sequence; and large subunit ribosomal RNA gene, partial sequence

24272ac4-7a31-4524-b219-46ec613c7110	OL711685.1	98.101	158	2	1	111	267	610	767	5.05e-69	274	plus	278	1695	1034304	Aspergillus transmontanensis	Aspergillus transmontanensis	Eukaryota	Aspergillus transmontanensis strain CBS 130015 small subunit ribosomal RNA gene, partial sequence; internal transcribed spacer 1, 5.8S ribosomal RNA gene, and internal transcribed spacer 2, complete sequence; and large subunit ribosomal RNA gene, partial sequence

24272ac4-7a31-4524-b219-46ec613c7110	OL711678.1	98.101	158	2	1	111	267	613	770	5.05e-69	274	plus	278	1698	41984	Aspergillus tamarii	Aspergillus tamarii	Eukaryota	Aspergillus tamarii strain CBS 117626 small subunit ribosomal RNA gene, partial sequence; internal transcribed spacer 1, 5.8S ribosomal RNA gene, and internal transcribed spacer 2, complete sequence; and large subunit ribosomal RNA gene, partial sequence

24272ac4-7a31-4524-b219-46ec613c7110	OL711676.1	98.101	158	2	1	111	267	614	771	5.05e-69	274	plus	278	1699	61420;1825620	Aspergillus caelatus;Aspergillus pseudocaelatus	Aspergillus caelatus;Aspergillus pseudocaelatus	Eukaryota	Aspergillus caelatus strain CBS 763.97 small subunit ribosomal RNA gene, partial sequence; internal transcribed spacer 1, 5.8S ribosomal RNA gene, and internal transcribed spacer 2, complete sequence; and large subunit ribosomal RNA gene, partial sequence

24272ac4-7a31-4524-b219-46ec613c7110	MZ619143.1	98.101	158	2	1	111	267	475	632	5.05e-69	274	plus	278	1017	5062	Aspergillus oryzae	Aspergillus oryzae	Eukaryota	Aspergillus oryzae isolate M4 internal transcribed spacer 1, partial sequence; 5.8S ribosomal RNA gene and internal transcribed spacer 2, complete sequence; and large subunit ribosomal RNA gene, partial sequence

24272ac4-7a31-4524-b219-46ec613c7110	JF412771.1	98.101	158	2	1	111	267	476	633	5.05e-69	274	plus	278	1152	1034304	Aspergillus transmontanensis	Aspergillus transmontanensis	Eukaryota	Aspergillus sp. SWP-2011c isolate CS11 18S ribosomal RNA gene, partial sequence; internal transcribed spacer 1, 5.8S ribosomal RNA gene, and internal transcribed spacer 2, complete sequence; and 28S ribosomal RNA gene, partial sequence

24272ac4-7a31-4524-b219-46ec613c7110	HQ340110.1	98.101	158	2	1	111	267	623	780	5.05e-69	274	plus	278	913	5067	Aspergillus parasiticus	Aspergillus parasiticus	Eukaryota	Aspergillus parasiticus culture-collection NRRL:3386 18S ribosomal RNA gene, partial sequence; internal transcribed spacer 1, 5.8S ribosomal RNA gene, and internal transcribed spacer 2, complete sequence; and 28S ribosomal RNA gene, partial sequence

24272ac4-7a31-4524-b219-46ec613c7110	HQ340105.1	98.101	158	2	1	111	267	623	780	5.05e-69	274	plus	278	913	1034304	Aspergillus transmontanensis	Aspergillus transmontanensis	Eukaryota	Aspergillus sp. 1 PR-2010 culture-collection MUM:10.205 18S ribosomal RNA gene, partial sequence; internal transcribed spacer 1, 5.8S ribosomal RNA gene, and internal transcribed spacer 2, complete sequence; and 28S ribosomal RNA gene, partial sequence

24272ac4-7a31-4524-b219-46ec613c7110	HQ340102.1	98.101	158	2	1	111	267	614	771	5.05e-69	274	plus	278	910	5067	Aspergillus parasiticus	Aspergillus parasiticus	Eukaryota	Aspergillus parasiticus culture-collection MUM:10.201 18S ribosomal RNA gene, partial sequence; internal transcribed spacer 1, 5.8S ribosomal RNA gene, and internal transcribed spacer 2, complete sequence; and 28S ribosomal RNA gene, partial sequence

24272ac4-7a31-4524-b219-46ec613c7110	AF004930.1	98.101	158	2	1	111	267	480	637	5.05e-69	274	plus	278	1156	61420	Aspergillus caelatus	Aspergillus caelatus	Eukaryota	Aspergillus caelatus NRRL 25528 internal transcribed spacer 1, 5.8S ribosomal RNA gene and internal transcribed spacer 2, complete sequence, and large subunit ribosomal RNA gene, partial sequence

24272ac4-7a31-4524-b219-46ec613c7110	AF027862.1	98.101	158	2	1	111	267	476	633	5.05e-69	274	plus	278	1152	5067	Aspergillus parasiticus	Aspergillus parasiticus	Eukaryota	Aspergillus parasiticus strain NRRL 502 internal transcribed spacer 1, 5.8S ribosomal RNA gene and internal transcribed spacer 2, complete sequence; and 28S ribosomal RNA gene, partial sequence

24272ac4-7a31-4524-b219-46ec613c7110	KP256849.1	97.484	159	2	2	111	267	587	745	6.53e-68	270	plus	278	1733	5062	Aspergillus oryzae	Aspergillus oryzae	Eukaryota	Aspergillus oryzae isolate SVP01 18S ribosomal RNA gene, partial sequence; internal transcribed spacer 1, 5.8S ribosomal RNA gene, and internal transcribed spacer 2, complete sequence; and 28S ribosomal RNA gene, partial sequence

24272ac4-7a31-4524-b219-46ec613c7110	JF412773.1	97.468	158	3	1	111	267	476	633	2.35e-67	268	plus	278	1115	1034304	Aspergillus transmontanensis	Aspergillus transmontanensis	Eukaryota	Aspergillus sp. SWP-2011c isolate CS17 18S ribosomal RNA gene, partial sequence; internal transcribed spacer 1, 5.8S ribosomal RNA gene, and internal transcribed spacer 2, complete sequence; and 28S ribosomal RNA gene, partial sequence

24272ac4-7a31-4524-b219-46ec613c7110	KU984462.1	95.597	159	5	2	111	267	167	325	3.93e-65	261	plus	278	845	41984	Aspergillus tamarii	Aspergillus tamarii	Eukaryota	Aspergillus tamarii strain JND-MEN-MEN-GG41 A internal transcribed spacer 2 and large subunit ribosomal RNA gene, partial sequence

24272ac4-7a31-4524-b219-46ec613c7110	MT509808.1	96.203	158	3	3	111	267	586	741	1.83e-63	255	plus	278	1720	5059	Aspergillus flavus	Aspergillus flavus	Eukaryota	Aspergillus flavus strain KSRCT-BT-MS5 small subunit ribosomal RNA gene, partial sequence; internal transcribed spacer 1, 5.8S ribosomal RNA gene, and internal transcribed spacer 2, complete sequence; and large subunit ribosomal RNA gene, partial sequence

24272ac4-7a31-4524-b219-46ec613c7110	CP051065.1	96.203	158	3	3	111	267	2642796	2642951	1.83e-63	255	plus	278	2645075	5059	Aspergillus flavus	Aspergillus flavus	Eukaryota	Aspergillus flavus strain A1 chromosome 7

24272ac4-7a31-4524-b219-46ec613c7110	CP051065.1	84.259	108	14	3	156	261	2634257	2634363	2.52e-17	102	plus	278	2645075	5059	Aspergillus flavus	Aspergillus flavus	Eukaryota	Aspergillus flavus strain A1 chromosome 7

24272ac4-7a31-4524-b219-46ec613c7110	CP051041.1	96.203	158	3	3	111	267	2699165	2699320	1.83e-63	255	plus	278	2706815	5059	Aspergillus flavus	Aspergillus flavus	Eukaryota	Aspergillus flavus strain A9 chromosome 7

24272ac4-7a31-4524-b219-46ec613c7110	CP051041.1	96.721	122	3	1	147	267	2704644	2704765	2.42e-47	202	plus	278	2706815	5059	Aspergillus flavus	Aspergillus flavus	Eukaryota	Aspergillus flavus strain A9 chromosome 7

24272ac4-7a31-4524-b219-46ec613c7110	CP051025.1	96.203	158	3	3	111	267	2861718	2861873	1.83e-63	255	plus	278	2870405	5059	Aspergillus flavus	Aspergillus flavus	Eukaryota	Aspergillus flavus strain AF36 chromosome 7

24272ac4-7a31-4524-b219-46ec613c7110	CP051025.1	81.481	108	17	3	156	261	2865000	2865106	2.54e-12	86.1	plus	278	2870405	5059	Aspergillus flavus	Aspergillus flavus	Eukaryota	Aspergillus flavus strain AF36 chromosome 7

24272ac4-7a31-4524-b219-46ec613c7110	CP051081.1	96.203	158	3	3	111	267	2993014	2993169	1.83e-63	255	plus	278	2996299	5059	Aspergillus flavus	Aspergillus flavus	Eukaryota	Aspergillus flavus strain K49 chromosome 7

24272ac4-7a31-4524-b219-46ec613c7110	CP051089.1	96.203	158	3	3	111	267	2774751	2774906	1.83e-63	255	plus	278	2780919	5059	Aspergillus flavus	Aspergillus flavus	Eukaryota	Aspergillus flavus strain K54A chromosome 7

24272ac4-7a31-4524-b219-46ec613c7110	CP051049.1	96.203	158	3	3	111	267	2897793	2897948	1.83e-63	255	plus	278	2903554	5059	Aspergillus flavus	Aspergillus flavus	Eukaryota	Aspergillus flavus strain Tox4 chromosome 7

24272ac4-7a31-4524-b219-46ec613c7110	CP051049.1	84.259	108	14	3	156	261	2901302	2901408	2.52e-17	102	plus	278	2903554	5059	Aspergillus flavus	Aspergillus flavus	Eukaryota	Aspergillus flavus strain Tox4 chromosome 7

24272ac4-7a31-4524-b219-46ec613c7110	CP051097.1	96.203	158	3	3	111	267	2954508	2954663	1.83e-63	255	plus	278	2959024	5059	Aspergillus flavus	Aspergillus flavus	Eukaryota	Aspergillus flavus strain VCG1 chromosome 7

24272ac4-7a31-4524-b219-46ec613c7110	CP051057.1	96.203	158	3	3	111	267	2768315	2768470	1.83e-63	255	plus	278	2771509	5059	Aspergillus flavus	Aspergillus flavus	Eukaryota	Aspergillus flavus strain VCG4 chromosome 7

24272ac4-7a31-4524-b219-46ec613c7110	CP051057.1	84.259	108	14	3	156	261	2770081	2770187	2.52e-17	102	plus	278	2771509	5059	Aspergillus flavus	Aspergillus flavus	Eukaryota	Aspergillus flavus strain VCG4 chromosome 7

24272ac4-7a31-4524-b219-46ec613c7110	CP051033.1	96.203	158	3	3	111	267	3026818	3026973	1.83e-63	255	plus	278	3036716	5059	Aspergillus flavus	Aspergillus flavus	Eukaryota	Aspergillus flavus strain NRRL 2999 chromosome 7

24272ac4-7a31-4524-b219-46ec613c7110	CP051033.1	85.859	99	11	3	165	261	3034458	3034555	2.52e-17	102	plus	278	3036716	5059	Aspergillus flavus	Aspergillus flavus	Eukaryota	Aspergillus flavus strain NRRL 2999 chromosome 7

24272ac4-7a31-4524-b219-46ec613c7110	MT292809.1	96.203	158	3	3	111	267	478	633	1.83e-63	255	plus	278	1152	5059	Aspergillus flavus	Aspergillus flavus	Eukaryota	Aspergillus flavus isolate ST3 internal transcribed spacer 1, partial sequence; 5.8S ribosomal RNA gene and internal transcribed spacer 2, complete sequence; and large subunit ribosomal RNA gene, partial sequence

24272ac4-7a31-4524-b219-46ec613c7110	CP047255.1	96.203	158	3	3	111	267	2910155	2910310	1.83e-63	255	plus	278	2942181	5059	Aspergillus flavus	Aspergillus flavus	Eukaryota	Aspergillus flavus strain SU-16 chromosome 7

24272ac4-7a31-4524-b219-46ec613c7110	CP047255.1	96.203	158	3	3	111	267	2917944	2918099	1.83e-63	255	plus	278	2942181	5059	Aspergillus flavus	Aspergillus flavus	Eukaryota	Aspergillus flavus strain SU-16 chromosome 7

24272ac4-7a31-4524-b219-46ec613c7110	CP047255.1	96.203	158	3	3	111	267	2925749	2925904	1.83e-63	255	plus	278	2942181	5059	Aspergillus flavus	Aspergillus flavus	Eukaryota	Aspergillus flavus strain SU-16 chromosome 7

24272ac4-7a31-4524-b219-46ec613c7110	CP047255.1	96.203	158	3	3	111	267	2933536	2933691	1.83e-63	255	plus	278	2942181	5059	Aspergillus flavus	Aspergillus flavus	Eukaryota	Aspergillus flavus strain SU-16 chromosome 7

24272ac4-7a31-4524-b219-46ec613c7110	CP047255.1	94.937	158	3	5	111	267	2941350	2941503	1.42e-59	243	plus	278	2942181	5059	Aspergillus flavus	Aspergillus flavus	Eukaryota	Aspergillus flavus strain SU-16 chromosome 7

24272ac4-7a31-4524-b219-46ec613c7110	CP044617.1	96.203	158	3	3	111	267	3029718	3029873	1.83e-63	255	plus	278	3097510	5059	Aspergillus flavus	Aspergillus flavus	Eukaryota	Aspergillus flavus strain NRRL 3357 chromosome 7

24272ac4-7a31-4524-b219-46ec613c7110	CP044617.1	96.203	158	3	3	111	267	3037514	3037669	1.83e-63	255	plus	278	3097510	5059	Aspergillus flavus	Aspergillus flavus	Eukaryota	Aspergillus flavus strain NRRL 3357 chromosome 7

24272ac4-7a31-4524-b219-46ec613c7110	CP044617.1	96.203	158	3	3	111	267	3045310	3045465	1.83e-63	255	plus	278	3097510	5059	Aspergillus flavus	Aspergillus flavus	Eukaryota	Aspergillus flavus strain NRRL 3357 chromosome 7

24272ac4-7a31-4524-b219-46ec613c7110	CP044617.1	96.203	158	3	3	111	267	3053106	3053261	1.83e-63	255	plus	278	3097510	5059	Aspergillus flavus	Aspergillus flavus	Eukaryota	Aspergillus flavus strain NRRL 3357 chromosome 7

24272ac4-7a31-4524-b219-46ec613c7110	CP044617.1	96.203	158	3	3	111	267	3060902	3061057	1.83e-63	255	plus	278	3097510	5059	Aspergillus flavus	Aspergillus flavus	Eukaryota	Aspergillus flavus strain NRRL 3357 chromosome 7

24272ac4-7a31-4524-b219-46ec613c7110	CP044617.1	96.203	158	3	3	111	267	3068698	3068853	1.83e-63	255	plus	278	3097510	5059	Aspergillus flavus	Aspergillus flavus	Eukaryota	Aspergillus flavus strain NRRL 3357 chromosome 7

24272ac4-7a31-4524-b219-46ec613c7110	CP044617.1	96.203	158	3	3	111	267	3076494	3076649	1.83e-63	255	plus	278	3097510	5059	Aspergillus flavus	Aspergillus flavus	Eukaryota	Aspergillus flavus strain NRRL 3357 chromosome 7

24272ac4-7a31-4524-b219-46ec613c7110	CP044617.1	96.203	158	3	3	111	267	3084290	3084445	1.83e-63	255	plus	278	3097510	5059	Aspergillus flavus	Aspergillus flavus	Eukaryota	Aspergillus flavus strain NRRL 3357 chromosome 7

24272ac4-7a31-4524-b219-46ec613c7110	CP044617.1	96.203	158	3	3	111	267	3092086	3092241	1.83e-63	255	plus	278	3097510	5059	Aspergillus flavus	Aspergillus flavus	Eukaryota	Aspergillus flavus strain NRRL 3357 chromosome 7

24272ac4-7a31-4524-b219-46ec613c7110	MH102106.1	96.203	158	3	3	111	267	510	665	1.83e-63	255	plus	278	1189	5065	Aspergillus sp.	Aspergillus sp.	Eukaryota	Aspergillus sp. strain FP-027-B1 28S ribosomal RNA gene, partial sequence

24272ac4-7a31-4524-b219-46ec613c7110	MH102084.1	96.203	158	3	3	111	267	639	794	1.83e-63	255	plus	278	1162	5065	Aspergillus sp.	Aspergillus sp.	Eukaryota	Aspergillus sp. strain FP-027-B1 18S ribosomal RNA gene, partial sequence; internal transcribed spacer 1, 5.8S ribosomal RNA gene, and internal transcribed spacer 2, complete sequence; and 28S ribosomal RNA gene, partial sequence

24272ac4-7a31-4524-b219-46ec613c7110	MH934917.1	96.203	158	3	3	111	267	574	729	1.83e-63	255	plus	278	1242	5062	Aspergillus oryzae	Aspergillus oryzae	Eukaryota	Aspergillus oryzae strain NB_43_02_07 internal transcribed spacer 1, partial sequence; 5.8S ribosomal RNA gene and internal transcribed spacer 2, complete sequence; and large subunit ribosomal RNA gene, partial sequence

24272ac4-7a31-4524-b219-46ec613c7110	MK414690.1	96.203	158	3	3	111	267	211	366	1.83e-63	255	plus	278	648	5062	Aspergillus oryzae	Aspergillus oryzae	Eukaryota	Aspergillus oryzae isolate ANU9 5.8S ribosomal RNA gene, partial sequence; internal transcribed spacer 2, complete sequence; and large subunit ribosomal RNA gene, partial sequence

